[{"model": "auth.permission", "pk": 1, "fields": {"name": "Can add log entry", "content_type": 1, "codename": "add_logentry"}}, {"model": "auth.permission", "pk": 2, "fields": {"name": "Can change log entry", "content_type": 1, "codename": "change_logentry"}}, {"model": "auth.permission", "pk": 3, "fields": {"name": "Can delete log entry", "content_type": 1, "codename": "delete_logentry"}}, {"model": "auth.permission", "pk": 4, "fields": {"name": "Can view log entry", "content_type": 1, "codename": "view_logentry"}}, {"model": "auth.permission", "pk": 5, "fields": {"name": "Can add permission", "content_type": 2, "codename": "add_permission"}}, {"model": "auth.permission", "pk": 6, "fields": {"name": "Can change permission", "content_type": 2, "codename": "change_permission"}}, {"model": "auth.permission", "pk": 7, "fields": {"name": "Can delete permission", "content_type": 2, "codename": "delete_permission"}}, {"model": "auth.permission", "pk": 8, "fields": {"name": "Can view permission", "content_type": 2, "codename": "view_permission"}}, {"model": "auth.permission", "pk": 9, "fields": {"name": "Can add group", "content_type": 3, "codename": "add_group"}}, {"model": "auth.permission", "pk": 10, "fields": {"name": "Can change group", "content_type": 3, "codename": "change_group"}}, {"model": "auth.permission", "pk": 11, "fields": {"name": "Can delete group", "content_type": 3, "codename": "delete_group"}}, {"model": "auth.permission", "pk": 12, "fields": {"name": "Can view group", "content_type": 3, "codename": "view_group"}}, {"model": "auth.permission", "pk": 13, "fields": {"name": "Can add content type", "content_type": 4, "codename": "add_contenttype"}}, {"model": "auth.permission", "pk": 14, "fields": {"name": "Can change content type", "content_type": 4, "codename": "change_contenttype"}}, {"model": "auth.permission", "pk": 15, "fields": {"name": "Can delete content type", "content_type": 4, "codename": "delete_contenttype"}}, {"model": "auth.permission", "pk": 16, "fields": {"name": "Can view content type", "content_type": 4, "codename": "view_contenttype"}}, {"model": "auth.permission", "pk": 17, "fields": {"name": "Can add session", "content_type": 5, "codename": "add_session"}}, {"model": "auth.permission", "pk": 18, "fields": {"name": "Can change session", "content_type": 5, "codename": "change_session"}}, {"model": "auth.permission", "pk": 19, "fields": {"name": "Can delete session", "content_type": 5, "codename": "delete_session"}}, {"model": "auth.permission", "pk": 20, "fields": {"name": "Can view session", "content_type": 5, "codename": "view_session"}}, {"model": "auth.permission", "pk": 21, "fields": {"name": "Can add blacklisted token", "content_type": 6, "codename": "add_blacklistedtoken"}}, {"model": "auth.permission", "pk": 22, "fields": {"name": "Can change blacklisted token", "content_type": 6, "codename": "change_blacklistedtoken"}}, {"model": "auth.permission", "pk": 23, "fields": {"name": "Can delete blacklisted token", "content_type": 6, "codename": "delete_blacklistedtoken"}}, {"model": "auth.permission", "pk": 24, "fields": {"name": "Can view blacklisted token", "content_type": 6, "codename": "view_blacklistedtoken"}}, {"model": "auth.permission", "pk": 25, "fields": {"name": "Can add outstanding token", "content_type": 7, "codename": "add_outstandingtoken"}}, {"model": "auth.permission", "pk": 26, "fields": {"name": "Can change outstanding token", "content_type": 7, "codename": "change_outstandingtoken"}}, {"model": "auth.permission", "pk": 27, "fields": {"name": "Can delete outstanding token", "content_type": 7, "codename": "delete_outstandingtoken"}}, {"model": "auth.permission", "pk": 28, "fields": {"name": "Can view outstanding token", "content_type": 7, "codename": "view_outstandingtoken"}}, {"model": "auth.permission", "pk": 29, "fields": {"name": "Can add user", "content_type": 8, "codename": "add_user"}}, {"model": "auth.permission", "pk": 30, "fields": {"name": "Can change user", "content_type": 8, "codename": "change_user"}}, {"model": "auth.permission", "pk": 31, "fields": {"name": "Can delete user", "content_type": 8, "codename": "delete_user"}}, {"model": "auth.permission", "pk": 32, "fields": {"name": "Can view user", "content_type": 8, "codename": "view_user"}}, {"model": "auth.permission", "pk": 33, "fields": {"name": "Can add profile", "content_type": 9, "codename": "add_profile"}}, {"model": "auth.permission", "pk": 34, "fields": {"name": "Can change profile", "content_type": 9, "codename": "change_profile"}}, {"model": "auth.permission", "pk": 35, "fields": {"name": "Can delete profile", "content_type": 9, "codename": "delete_profile"}}, {"model": "auth.permission", "pk": 36, "fields": {"name": "Can view profile", "content_type": 9, "codename": "view_profile"}}, {"model": "auth.permission", "pk": 37, "fields": {"name": "Can add follow", "content_type": 10, "codename": "add_follow"}}, {"model": "auth.permission", "pk": 38, "fields": {"name": "Can change follow", "content_type": 10, "codename": "change_follow"}}, {"model": "auth.permission", "pk": 39, "fields": {"name": "Can delete follow", "content_type": 10, "codename": "delete_follow"}}, {"model": "auth.permission", "pk": 40, "fields": {"name": "Can view follow", "content_type": 10, "codename": "view_follow"}}, {"model": "auth.permission", "pk": 41, "fields": {"name": "Can add post", "content_type": 11, "codename": "add_post"}}, {"model": "auth.permission", "pk": 42, "fields": {"name": "Can change post", "content_type": 11, "codename": "change_post"}}, {"model": "auth.permission", "pk": 43, "fields": {"name": "Can delete post", "content_type": 11, "codename": "delete_post"}}, {"model": "auth.permission", "pk": 44, "fields": {"name": "Can view post", "content_type": 11, "codename": "view_post"}}, {"model": "auth.permission", "pk": 45, "fields": {"name": "Can add tag", "content_type": 12, "codename": "add_tag"}}, {"model": "auth.permission", "pk": 46, "fields": {"name": "Can change tag", "content_type": 12, "codename": "change_tag"}}, {"model": "auth.permission", "pk": 47, "fields": {"name": "Can delete tag", "content_type": 12, "codename": "delete_tag"}}, {"model": "auth.permission", "pk": 48, "fields": {"name": "Can view tag", "content_type": 12, "codename": "view_tag"}}, {"model": "auth.permission", "pk": 49, "fields": {"name": "Can add comment", "content_type": 13, "codename": "add_comment"}}, {"model": "auth.permission", "pk": 50, "fields": {"name": "Can change comment", "content_type": 13, "codename": "change_comment"}}, {"model": "auth.permission", "pk": 51, "fields": {"name": "Can delete comment", "content_type": 13, "codename": "delete_comment"}}, {"model": "auth.permission", "pk": 52, "fields": {"name": "Can view comment", "content_type": 13, "codename": "view_comment"}}, {"model": "contenttypes.contenttype", "pk": 1, "fields": {"app_label": "admin", "model": "logentry"}}, {"model": "contenttypes.contenttype", "pk": 2, "fields": {"app_label": "auth", "model": "permission"}}, {"model": "contenttypes.contenttype", "pk": 3, "fields": {"app_label": "auth", "model": "group"}}, {"model": "contenttypes.contenttype", "pk": 4, "fields": {"app_label": "contenttypes", "model": "contenttype"}}, {"model": "contenttypes.contenttype", "pk": 5, "fields": {"app_label": "sessions", "model": "session"}}, {"model": "contenttypes.contenttype", "pk": 6, "fields": {"app_label": "token_blacklist", "model": "blacklistedtoken"}}, {"model": "contenttypes.contenttype", "pk": 7, "fields": {"app_label": "token_blacklist", "model": "outstandingtoken"}}, {"model": "contenttypes.contenttype", "pk": 8, "fields": {"app_label": "users", "model": "user"}}, {"model": "contenttypes.contenttype", "pk": 9, "fields": {"app_label": "users", "model": "profile"}}, {"model": "contenttypes.contenttype", "pk": 10, "fields": {"app_label": "users", "model": "follow"}}, {"model": "contenttypes.contenttype", "pk": 11, "fields": {"app_label": "blog", "model": "post"}}, {"model": "contenttypes.contenttype", "pk": 12, "fields": {"app_label": "blog", "model": "tag"}}, {"model": "contenttypes.contenttype", "pk": 13, "fields": {"app_label": "comments", "model": "comment"}}, {"model": "users.user", "pk": 1, "fields": {"password": "pbkdf2_sha256$870000$qZFbIIpHCLZuYKnvShwBAw$xhj9JlKPe77jqyoxv3zjQXpDWPGEpyBYzujA0xoyeNs=", "last_login": null, "is_superuser": true, "first_name": "", "last_name": "", "is_staff": true, "date_joined": "2024-11-03T15:17:00.742Z", "is_deleted": false, "deleted_at": null, "email": "a@a.com", "is_active": true, "groups": [], "user_permissions": []}}, {"model": "users.user", "pk": 2, "fields": {"password": "pbkdf2_sha256$870000$ou4ZycpMLYsUU5ARsNKzjy$OK/fLNWT4yFuNfQJTvkkfhXareu9+wdBgd1MntXNrjY=", "last_login": null, "is_superuser": false, "first_name": "", "last_name": "", "is_staff": false, "date_joined": "2024-11-03T15:17:01.023Z", "is_deleted": false, "deleted_at": null, "email": "b@b.com", "is_active": false, "groups": [], "user_permissions": []}}, {"model": "users.user", "pk": 3, "fields": {"password": "pbkdf2_sha256$870000$wXOwoqFOZeDlC0FqIMpxbk$IzAVZUufXuHh2ZHN2LMbxDvocVV2kpTa7Qbc+dAzgW0=", "last_login": null, "is_superuser": false, "first_name": "", "last_name": "", "is_staff": false, "date_joined": "2024-11-03T15:17:01.288Z", "is_deleted": false, "deleted_at": null, "email": "c@c.com", "is_active": false, "groups": [], "user_permissions": []}}, {"model": "users.user", "pk": 4, "fields": {"password": "pbkdf2_sha256$870000$Sh4m6tgfKZdDl5VPD166XA$WJJ/sP4dfFL5tnPN+27zArLB7ZLGQEIPAte4EHHvMq8=", "last_login": null, "is_superuser": false, "first_name": "", "last_name": "", "is_staff": false, "date_joined": "2024-11-03T15:17:01.549Z", "is_deleted": false, "deleted_at": null, "email": "d@d.com", "is_active": false, "groups": [], "user_permissions": []}}, {"model": "users.user", "pk": 5, "fields": {"password": "pbkdf2_sha256$870000$vtoKUljSAVfov8ocJnkMky$Y2rqs5RbMHZlzewB3buuG3OEamJgH73YlBt5T5pOMrw=", "last_login": null, "is_superuser": false, "first_name": "", "last_name": "", "is_staff": false, "date_joined": "2024-11-03T15:17:01.807Z", "is_deleted": false, "deleted_at": null, "email": "e@e.com", "is_active": false, "groups": [], "user_permissions": []}}, {"model": "users.user", "pk": 6, "fields": {"password": "pbkdf2_sha256$870000$SZhPqJ1kOCoSMDUtoatSIz$mxI+QOFohWU0IIRDN8aKT8qLhiQukYmpBvgayI1vXb0=", "last_login": null, "is_superuser": false, "first_name": "", "last_name": "", "is_staff": false, "date_joined": "2024-11-03T15:17:02.065Z", "is_deleted": false, "deleted_at": null, "email": "f@f.com", "is_active": false, "groups": [], "user_permissions": []}}, {"model": "users.user", "pk": 7, "fields": {"password": "pbkdf2_sha256$870000$4JwAo60g51yWwTIJLGo632$gTbetxmOIFYtyRNOe7vqOz8NNzS5cuyEWQup/LqAIMM=", "last_login": null, "is_superuser": false, "first_name": "", "last_name": "", "is_staff": false, "date_joined": "2024-11-03T15:17:02.327Z", "is_deleted": false, "deleted_at": null, "email": "g@g.com", "is_active": false, "groups": [], "user_permissions": []}}, {"model": "users.user", "pk": 8, "fields": {"password": "pbkdf2_sha256$870000$KlXiDnb1sVvhaer9VjCBge$lMMRF219IzwfFrtXGZaBKFh3+CV5COwA4OfVicpmbNs=", "last_login": null, "is_superuser": false, "first_name": "", "last_name": "", "is_staff": false, "date_joined": "2024-11-03T15:17:02.585Z", "is_deleted": false, "deleted_at": null, "email": "h@h.com", "is_active": false, "groups": [], "user_permissions": []}}, {"model": "users.user", "pk": 9, "fields": {"password": "pbkdf2_sha256$870000$5KlIOyu9q8fFD1xC3gslGl$XC4/J3x2A5vKf9jhosezf7hXbmihWKTnsc0YYdXRklM=", "last_login": null, "is_superuser": false, "first_name": "", "last_name": "", "is_staff": false, "date_joined": "2024-11-03T15:17:02.848Z", "is_deleted": false, "deleted_at": null, "email": "i@i.com", "is_active": false, "groups": [], "user_permissions": []}}, {"model": "users.user", "pk": 10, "fields": {"password": "pbkdf2_sha256$870000$NSODfvfwbd9PhOxPFyuKlf$x1xB/+7Fc2PWT2r92uJuUt9hNN7pYCgAUFPSRIvuqlc=", "last_login": null, "is_superuser": false, "first_name": "", "last_name": "", "is_staff": false, "date_joined": "2024-11-03T15:17:03.111Z", "is_deleted": false, "deleted_at": null, "email": "j@j.com", "is_active": false, "groups": [], "user_permissions": []}}, {"model": "users.profile", "pk": 1, "fields": {"is_deleted": false, "deleted_at": null, "create_at": "2024-11-03T15:17:01.009Z", "update_at": "2024-11-03T15:17:01.009Z", "user": 1, "biography": null, "gender": null, "birth_date": null, "phone_number": null, "image": "", "profile_view": 1}}, {"model": "users.profile", "pk": 2, "fields": {"is_deleted": false, "deleted_at": null, "create_at": "2024-11-03T15:17:01.284Z", "update_at": "2024-11-03T15:17:01.284Z", "user": 2, "biography": null, "gender": null, "birth_date": null, "phone_number": null, "image": "", "profile_view": 1}}, {"model": "users.profile", "pk": 3, "fields": {"is_deleted": false, "deleted_at": null, "create_at": "2024-11-03T15:17:01.545Z", "update_at": "2024-11-03T15:17:01.545Z", "user": 3, "biography": null, "gender": null, "birth_date": null, "phone_number": null, "image": "", "profile_view": 1}}, {"model": "users.profile", "pk": 4, "fields": {"is_deleted": false, "deleted_at": null, "create_at": "2024-11-03T15:17:01.803Z", "update_at": "2024-11-03T15:17:01.803Z", "user": 4, "biography": null, "gender": null, "birth_date": null, "phone_number": null, "image": "", "profile_view": 1}}, {"model": "users.profile", "pk": 5, "fields": {"is_deleted": false, "deleted_at": null, "create_at": "2024-11-03T15:17:02.062Z", "update_at": "2024-11-03T15:17:02.062Z", "user": 5, "biography": null, "gender": null, "birth_date": null, "phone_number": null, "image": "", "profile_view": 1}}, {"model": "users.profile", "pk": 6, "fields": {"is_deleted": false, "deleted_at": null, "create_at": "2024-11-03T15:17:02.323Z", "update_at": "2024-11-03T15:17:02.323Z", "user": 6, "biography": null, "gender": null, "birth_date": null, "phone_number": null, "image": "", "profile_view": 1}}, {"model": "users.profile", "pk": 7, "fields": {"is_deleted": false, "deleted_at": null, "create_at": "2024-11-03T15:17:02.581Z", "update_at": "2024-11-03T15:17:02.581Z", "user": 7, "biography": null, "gender": null, "birth_date": null, "phone_number": null, "image": "", "profile_view": 1}}, {"model": "users.profile", "pk": 8, "fields": {"is_deleted": false, "deleted_at": null, "create_at": "2024-11-03T15:17:02.845Z", "update_at": "2024-11-03T15:17:02.845Z", "user": 8, "biography": null, "gender": null, "birth_date": null, "phone_number": null, "image": "", "profile_view": 1}}, {"model": "users.profile", "pk": 9, "fields": {"is_deleted": false, "deleted_at": null, "create_at": "2024-11-03T15:17:03.107Z", "update_at": "2024-11-03T15:17:03.107Z", "user": 9, "biography": null, "gender": null, "birth_date": null, "phone_number": null, "image": "", "profile_view": 1}}, {"model": "users.profile", "pk": 10, "fields": {"is_deleted": false, "deleted_at": null, "create_at": "2024-11-03T15:17:03.368Z", "update_at": "2024-11-03T15:17:03.368Z", "user": 10, "biography": null, "gender": null, "birth_date": null, "phone_number": null, "image": "", "profile_view": 1}}, {"model": "users.follow", "pk": 1, "fields": {"follower": 3, "following": 1}}, {"model": "users.follow", "pk": 2, "fields": {"follower": 2, "following": 1}}, {"model": "users.follow", "pk": 3, "fields": {"follower": 4, "following": 1}}, {"model": "users.follow", "pk": 4, "fields": {"follower": 5, "following": 1}}, {"model": "users.follow", "pk": 5, "fields": {"follower": 6, "following": 1}}, {"model": "users.follow", "pk": 6, "fields": {"follower": 7, "following": 1}}, {"model": "users.follow", "pk": 7, "fields": {"follower": 8, "following": 1}}, {"model": "users.follow", "pk": 8, "fields": {"follower": 9, "following": 1}}, {"model": "users.follow", "pk": 9, "fields": {"follower": 1, "following": 2}}, {"model": "users.follow", "pk": 10, "fields": {"follower": 2, "following": 3}}, {"model": "users.follow", "pk": 11, "fields": {"follower": 2, "following": 4}}, {"model": "users.follow", "pk": 12, "fields": {"follower": 4, "following": 2}}, {"model": "users.follow", "pk": 13, "fields": {"follower": 4, "following": 8}}, {"model": "users.follow", "pk": 14, "fields": {"follower": 5, "following": 3}}, {"model": "users.follow", "pk": 15, "fields": {"follower": 3, "following": 5}}, {"model": "users.follow", "pk": 16, "fields": {"follower": 7, "following": 2}}, {"model": "users.follow", "pk": 17, "fields": {"follower": 8, "following": 2}}, {"model": "blog.tag", "pk": 1, "fields": {"is_deleted": false, "deleted_at": null, "create_at": "2024-11-03T15:17:03.436Z", "update_at": "2024-11-03T15:17:03.436Z", "tag_name": "happy"}}, {"model": "blog.tag", "pk": 2, "fields": {"is_deleted": false, "deleted_at": null, "create_at": "2024-11-03T15:17:03.439Z", "update_at": "2024-11-03T15:17:03.439Z", "tag_name": "sad"}}, {"model": "blog.tag", "pk": 3, "fields": {"is_deleted": false, "deleted_at": null, "create_at": "2024-11-03T15:17:03.443Z", "update_at": "2024-11-03T15:17:03.443Z", "tag_name": "nice"}}, {"model": "blog.tag", "pk": 4, "fields": {"is_deleted": false, "deleted_at": null, "create_at": "2024-11-03T15:17:03.446Z", "update_at": "2024-11-03T15:17:03.446Z", "tag_name": "love"}}, {"model": "blog.tag", "pk": 5, "fields": {"is_deleted": false, "deleted_at": null, "create_at": "2024-11-03T15:17:03.450Z", "update_at": "2024-11-03T15:17:03.450Z", "tag_name": "rain"}}, {"model": "blog.tag", "pk": 6, "fields": {"is_deleted": false, "deleted_at": null, "create_at": "2024-11-03T15:17:03.453Z", "update_at": "2024-11-03T15:17:03.453Z", "tag_name": "snow"}}, {"model": "blog.tag", "pk": 7, "fields": {"is_deleted": false, "deleted_at": null, "create_at": "2024-11-03T15:17:03.457Z", "update_at": "2024-11-03T15:17:03.457Z", "tag_name": "cat"}}, {"model": "blog.tag", "pk": 8, "fields": {"is_deleted": false, "deleted_at": null, "create_at": "2024-11-03T15:17:03.461Z", "update_at": "2024-11-03T15:17:03.461Z", "tag_name": "gym"}}, {"model": "blog.tag", "pk": 9, "fields": {"is_deleted": false, "deleted_at": null, "create_at": "2024-11-03T15:17:03.465Z", "update_at": "2024-11-03T15:17:03.465Z", "tag_name": "peach"}}, {"model": "blog.tag", "pk": 10, "fields": {"is_deleted": false, "deleted_at": null, "create_at": "2024-11-03T15:17:03.469Z", "update_at": "2024-11-03T15:17:03.469Z", "tag_name": "drive"}}, {"model": "blog.post", "pk": 1, "fields": {"is_deleted": false, "deleted_at": null, "create_at": "2024-11-03T15:17:03.472Z", "update_at": "2024-11-03T15:17:03.472Z", "author": 1, "title": "this is title 1", "slug": "this-is-title-1-1730647023472", "content": "something long 1 ...", "post_view": 1, "allow_comments": true, "tags": [1, 2, 3, 4, 5], "likes": [2, 3, 4, 5, 6, 7, 8, 9, 10]}}, {"model": "blog.post", "pk": 2, "fields": {"is_deleted": false, "deleted_at": null, "create_at": "2024-11-03T15:17:03.492Z", "update_at": "2024-11-03T15:17:03.492Z", "author": 1, "title": "this is title 2", "slug": "this-is-title-2-1730647023492", "content": "something long 2 ...", "post_view": 1, "allow_comments": true, "tags": [6, 7, 8, 9], "likes": [2, 3, 4, 5, 6]}}, {"model": "blog.post", "pk": 3, "fields": {"is_deleted": false, "deleted_at": null, "create_at": "2024-11-03T15:17:03.517Z", "update_at": "2024-11-03T15:17:03.517Z", "author": 2, "title": "this is title 3", "slug": "this-is-title-3-1730647023517", "content": "something long 3 ...", "post_view": 1, "allow_comments": true, "tags": [1, 3, 7, 8], "likes": [5, 6, 7, 8, 9, 10]}}, {"model": "blog.post", "pk": 4, "fields": {"is_deleted": false, "deleted_at": null, "create_at": "2024-11-03T15:17:03.543Z", "update_at": "2024-11-03T15:17:03.543Z", "author": 3, "title": "this is title 4", "slug": "this-is-title-4-1730647023543", "content": "something long 4 ...", "post_view": 1, "allow_comments": true, "tags": [1, 5, 7, 8, 9, 10], "likes": [4, 6, 8, 9]}}, {"model": "blog.post", "pk": 5, "fields": {"is_deleted": false, "deleted_at": null, "create_at": "2024-11-03T15:17:03.560Z", "update_at": "2024-11-03T15:17:03.560Z", "author": 8, "title": "this is title 5", "slug": "this-is-title-5-1730647023560", "content": "something long 5 ...", "post_view": 1, "allow_comments": true, "tags": [2, 3, 4, 8], "likes": [1, 2, 3, 6, 7, 9]}}, {"model": "comments.comment", "pk": 1, "fields": {"is_deleted": false, "deleted_at": null, "create_at": "2024-11-03T15:17:03.485Z", "update_at": "2024-11-03T15:17:03.485Z", "user": 2, "text": "nice post :D from user 2", "approve": true, "content_type": 11, "object_id": 1}}, {"model": "comments.comment", "pk": 2, "fields": {"is_deleted": false, "deleted_at": null, "create_at": "2024-11-03T15:17:03.489Z", "update_at": "2024-11-03T15:17:03.489Z", "user": 3, "text": "nice post :D from user 3", "approve": true, "content_type": 11, "object_id": 1}}, {"model": "comments.comment", "pk": 3, "fields": {"is_deleted": false, "deleted_at": null, "create_at": "2024-11-03T15:17:03.506Z", "update_at": "2024-11-03T15:17:03.506Z", "user": 2, "text": "nice post :D from user 2", "approve": true, "content_type": 11, "object_id": 2}}, {"model": "comments.comment", "pk": 4, "fields": {"is_deleted": false, "deleted_at": null, "create_at": "2024-11-03T15:17:03.510Z", "update_at": "2024-11-03T15:17:03.510Z", "user": 4, "text": "nice post :D from user 4", "approve": true, "content_type": 11, "object_id": 2}}, {"model": "comments.comment", "pk": 5, "fields": {"is_deleted": false, "deleted_at": null, "create_at": "2024-11-03T15:17:03.513Z", "update_at": "2024-11-03T15:17:03.513Z", "user": 5, "text": "nice post :D from user 5", "approve": true, "content_type": 11, "object_id": 2}}, {"model": "comments.comment", "pk": 6, "fields": {"is_deleted": false, "deleted_at": null, "create_at": "2024-11-03T15:17:03.528Z", "update_at": "2024-11-03T15:17:03.528Z", "user": 1, "text": "nice post :D from user 1", "approve": true, "content_type": 11, "object_id": 3}}, {"model": "comments.comment", "pk": 7, "fields": {"is_deleted": false, "deleted_at": null, "create_at": "2024-11-03T15:17:03.532Z", "update_at": "2024-11-03T15:17:03.532Z", "user": 6, "text": "nice post :D from user 6", "approve": true, "content_type": 11, "object_id": 3}}, {"model": "comments.comment", "pk": 8, "fields": {"is_deleted": false, "deleted_at": null, "create_at": "2024-11-03T15:17:03.536Z", "update_at": "2024-11-03T15:17:03.536Z", "user": 7, "text": "nice post :D from user 7", "approve": true, "content_type": 11, "object_id": 3}}, {"model": "comments.comment", "pk": 9, "fields": {"is_deleted": false, "deleted_at": null, "create_at": "2024-11-03T15:17:03.540Z", "update_at": "2024-11-03T15:17:03.540Z", "user": 8, "text": "nice post :D from user 8", "approve": true, "content_type": 11, "object_id": 3}}, {"model": "comments.comment", "pk": 10, "fields": {"is_deleted": false, "deleted_at": null, "create_at": "2024-11-03T15:17:03.556Z", "update_at": "2024-11-03T15:17:03.556Z", "user": 7, "text": "nice post :D from user 7", "approve": true, "content_type": 11, "object_id": 4}}, {"model": "comments.comment", "pk": 11, "fields": {"is_deleted": false, "deleted_at": null, "create_at": "2024-11-03T15:17:03.572Z", "update_at": "2024-11-03T15:17:03.572Z", "user": 10, "text": "nice post :D from user 10", "approve": true, "content_type": 11, "object_id": 5}}, {"model": "comments.comment", "pk": 12, "fields": {"is_deleted": false, "deleted_at": null, "create_at": "2024-11-03T15:17:03.576Z", "update_at": "2024-11-03T15:17:03.576Z", "user": 9, "text": "nice post :D from user 9", "approve": true, "content_type": 11, "object_id": 5}}]