[{"model": "auth.permission", "pk": 1, "fields": {"name": "Can add log entry", "content_type": 1, "codename": "add_logentry"}}, {"model": "auth.permission", "pk": 2, "fields": {"name": "Can change log entry", "content_type": 1, "codename": "change_logentry"}}, {"model": "auth.permission", "pk": 3, "fields": {"name": "Can delete log entry", "content_type": 1, "codename": "delete_logentry"}}, {"model": "auth.permission", "pk": 4, "fields": {"name": "Can view log entry", "content_type": 1, "codename": "view_logentry"}}, {"model": "auth.permission", "pk": 5, "fields": {"name": "Can add permission", "content_type": 2, "codename": "add_permission"}}, {"model": "auth.permission", "pk": 6, "fields": {"name": "Can change permission", "content_type": 2, "codename": "change_permission"}}, {"model": "auth.permission", "pk": 7, "fields": {"name": "Can delete permission", "content_type": 2, "codename": "delete_permission"}}, {"model": "auth.permission", "pk": 8, "fields": {"name": "Can view permission", "content_type": 2, "codename": "view_permission"}}, {"model": "auth.permission", "pk": 9, "fields": {"name": "Can add group", "content_type": 3, "codename": "add_group"}}, {"model": "auth.permission", "pk": 10, "fields": {"name": "Can change group", "content_type": 3, "codename": "change_group"}}, {"model": "auth.permission", "pk": 11, "fields": {"name": "Can delete group", "content_type": 3, "codename": "delete_group"}}, {"model": "auth.permission", "pk": 12, "fields": {"name": "Can view group", "content_type": 3, "codename": "view_group"}}, {"model": "auth.permission", "pk": 13, "fields": {"name": "Can add content type", "content_type": 4, "codename": "add_contenttype"}}, {"model": "auth.permission", "pk": 14, "fields": {"name": "Can change content type", "content_type": 4, "codename": "change_contenttype"}}, {"model": "auth.permission", "pk": 15, "fields": {"name": "Can delete content type", "content_type": 4, "codename": "delete_contenttype"}}, {"model": "auth.permission", "pk": 16, "fields": {"name": "Can view content type", "content_type": 4, "codename": "view_contenttype"}}, {"model": "auth.permission", "pk": 17, "fields": {"name": "Can add session", "content_type": 5, "codename": "add_session"}}, {"model": "auth.permission", "pk": 18, "fields": {"name": "Can change session", "content_type": 5, "codename": "change_session"}}, {"model": "auth.permission", "pk": 19, "fields": {"name": "Can delete session", "content_type": 5, "codename": "delete_session"}}, {"model": "auth.permission", "pk": 20, "fields": {"name": "Can view session", "content_type": 5, "codename": "view_session"}}, {"model": "auth.permission", "pk": 21, "fields": {"name": "Can add user", "content_type": 6, "codename": "add_user"}}, {"model": "auth.permission", "pk": 22, "fields": {"name": "Can change user", "content_type": 6, "codename": "change_user"}}, {"model": "auth.permission", "pk": 23, "fields": {"name": "Can delete user", "content_type": 6, "codename": "delete_user"}}, {"model": "auth.permission", "pk": 24, "fields": {"name": "Can view user", "content_type": 6, "codename": "view_user"}}, {"model": "auth.permission", "pk": 25, "fields": {"name": "Can add profile", "content_type": 7, "codename": "add_profile"}}, {"model": "auth.permission", "pk": 26, "fields": {"name": "Can change profile", "content_type": 7, "codename": "change_profile"}}, {"model": "auth.permission", "pk": 27, "fields": {"name": "Can delete profile", "content_type": 7, "codename": "delete_profile"}}, {"model": "auth.permission", "pk": 28, "fields": {"name": "Can view profile", "content_type": 7, "codename": "view_profile"}}, {"model": "auth.permission", "pk": 29, "fields": {"name": "Can add follow", "content_type": 8, "codename": "add_follow"}}, {"model": "auth.permission", "pk": 30, "fields": {"name": "Can change follow", "content_type": 8, "codename": "change_follow"}}, {"model": "auth.permission", "pk": 31, "fields": {"name": "Can delete follow", "content_type": 8, "codename": "delete_follow"}}, {"model": "auth.permission", "pk": 32, "fields": {"name": "Can view follow", "content_type": 8, "codename": "view_follow"}}, {"model": "auth.permission", "pk": 33, "fields": {"name": "Can add post", "content_type": 9, "codename": "add_post"}}, {"model": "auth.permission", "pk": 34, "fields": {"name": "Can change post", "content_type": 9, "codename": "change_post"}}, {"model": "auth.permission", "pk": 35, "fields": {"name": "Can delete post", "content_type": 9, "codename": "delete_post"}}, {"model": "auth.permission", "pk": 36, "fields": {"name": "Can view post", "content_type": 9, "codename": "view_post"}}, {"model": "auth.permission", "pk": 37, "fields": {"name": "Can add tag", "content_type": 10, "codename": "add_tag"}}, {"model": "auth.permission", "pk": 38, "fields": {"name": "Can change tag", "content_type": 10, "codename": "change_tag"}}, {"model": "auth.permission", "pk": 39, "fields": {"name": "Can delete tag", "content_type": 10, "codename": "delete_tag"}}, {"model": "auth.permission", "pk": 40, "fields": {"name": "Can view tag", "content_type": 10, "codename": "view_tag"}}, {"model": "auth.permission", "pk": 41, "fields": {"name": "Can add comment", "content_type": 11, "codename": "add_comment"}}, {"model": "auth.permission", "pk": 42, "fields": {"name": "Can change comment", "content_type": 11, "codename": "change_comment"}}, {"model": "auth.permission", "pk": 43, "fields": {"name": "Can delete comment", "content_type": 11, "codename": "delete_comment"}}, {"model": "auth.permission", "pk": 44, "fields": {"name": "Can view comment", "content_type": 11, "codename": "view_comment"}}, {"model": "contenttypes.contenttype", "pk": 1, "fields": {"app_label": "admin", "model": "logentry"}}, {"model": "contenttypes.contenttype", "pk": 2, "fields": {"app_label": "auth", "model": "permission"}}, {"model": "contenttypes.contenttype", "pk": 3, "fields": {"app_label": "auth", "model": "group"}}, {"model": "contenttypes.contenttype", "pk": 4, "fields": {"app_label": "contenttypes", "model": "contenttype"}}, {"model": "contenttypes.contenttype", "pk": 5, "fields": {"app_label": "sessions", "model": "session"}}, {"model": "contenttypes.contenttype", "pk": 6, "fields": {"app_label": "users", "model": "user"}}, {"model": "contenttypes.contenttype", "pk": 7, "fields": {"app_label": "users", "model": "profile"}}, {"model": "contenttypes.contenttype", "pk": 8, "fields": {"app_label": "users", "model": "follow"}}, {"model": "contenttypes.contenttype", "pk": 9, "fields": {"app_label": "blog", "model": "post"}}, {"model": "contenttypes.contenttype", "pk": 10, "fields": {"app_label": "blog", "model": "tag"}}, {"model": "contenttypes.contenttype", "pk": 11, "fields": {"app_label": "comments", "model": "comment"}}, {"model": "users.user", "pk": 1, "fields": {"password": "pbkdf2_sha256$870000$hJjdvJoexD2Sci0n52V6Bz$zQmRoXbPuDM9XvCZFjeKEJxq1wf434UssNH7NWxguyg=", "last_login": null, "is_superuser": true, "first_name": "", "last_name": "", "is_staff": true, "date_joined": "2024-10-22T11:36:27.971Z", "is_deleted": false, "deleted_at": null, "email": "a@a.com", "is_active": true, "groups": [], "user_permissions": []}}, {"model": "users.user", "pk": 2, "fields": {"password": "pbkdf2_sha256$870000$KCuJyVnPW3648AasJBJCSX$hq6n93PUlQ0RplpKGYrdFhu7AIluT4HLFNQhFD+aa3s=", "last_login": null, "is_superuser": false, "first_name": "", "last_name": "", "is_staff": false, "date_joined": "2024-10-22T11:36:28.241Z", "is_deleted": false, "deleted_at": null, "email": "b@b.com", "is_active": true, "groups": [], "user_permissions": []}}, {"model": "users.user", "pk": 3, "fields": {"password": "pbkdf2_sha256$870000$JenQDbaaNY2IiXduFXQVyO$g9w3vkX5w1eqmXX/hQfCfjY8ooMju0tI9B3w3emBUpU=", "last_login": null, "is_superuser": false, "first_name": "", "last_name": "", "is_staff": false, "date_joined": "2024-10-22T11:36:28.495Z", "is_deleted": false, "deleted_at": null, "email": "c@c.com", "is_active": true, "groups": [], "user_permissions": []}}, {"model": "users.user", "pk": 4, "fields": {"password": "pbkdf2_sha256$870000$ARnkZE6MpAusmjixeAMHHb$4syLCG6Nk3mfLy3FCB53EFXoUO9nl31s/V4lu3q2W2E=", "last_login": null, "is_superuser": false, "first_name": "", "last_name": "", "is_staff": false, "date_joined": "2024-10-22T11:36:28.758Z", "is_deleted": false, "deleted_at": null, "email": "d@d.com", "is_active": true, "groups": [], "user_permissions": []}}, {"model": "users.user", "pk": 5, "fields": {"password": "pbkdf2_sha256$870000$dAe3O80wfThCQc2wri3GbZ$dKxSuSzAY2DE62qeJ2ttlfOMPp0ZSskS/h4mQc5YDlg=", "last_login": null, "is_superuser": false, "first_name": "", "last_name": "", "is_staff": false, "date_joined": "2024-10-22T11:36:29.012Z", "is_deleted": false, "deleted_at": null, "email": "e@e.com", "is_active": true, "groups": [], "user_permissions": []}}, {"model": "users.user", "pk": 6, "fields": {"password": "pbkdf2_sha256$870000$TW4NNh7oIhTn1u57MDf9uy$mNXWEUREyG1afEmvoIOcLEEATOXi+XYJYOLep0Vjlrk=", "last_login": null, "is_superuser": false, "first_name": "", "last_name": "", "is_staff": false, "date_joined": "2024-10-22T11:36:29.271Z", "is_deleted": false, "deleted_at": null, "email": "f@f.com", "is_active": true, "groups": [], "user_permissions": []}}, {"model": "users.user", "pk": 7, "fields": {"password": "pbkdf2_sha256$870000$5YGNDzNjMHkj6WeYTlZSgl$FsWAf2r7xRakJrvwpfN8KMmufjwLsrR8YnjPeuheBEg=", "last_login": null, "is_superuser": false, "first_name": "", "last_name": "", "is_staff": false, "date_joined": "2024-10-22T11:36:29.524Z", "is_deleted": false, "deleted_at": null, "email": "g@g.com", "is_active": true, "groups": [], "user_permissions": []}}, {"model": "users.user", "pk": 8, "fields": {"password": "pbkdf2_sha256$870000$28LD9ntUaA6qsHCOYf1cSk$+8BSU1HQ2pippRuDZ8NB2HkLtDTvP+GPCkv7J9pieZA=", "last_login": null, "is_superuser": false, "first_name": "", "last_name": "", "is_staff": false, "date_joined": "2024-10-22T11:36:29.791Z", "is_deleted": false, "deleted_at": null, "email": "h@h.com", "is_active": true, "groups": [], "user_permissions": []}}, {"model": "users.user", "pk": 9, "fields": {"password": "pbkdf2_sha256$870000$acRzCBu1rYnAinjqJWZauy$SfcMe0p46d8fF0K1A1ib7y+vT5yGTZL41+2oRN/tx7o=", "last_login": null, "is_superuser": false, "first_name": "", "last_name": "", "is_staff": false, "date_joined": "2024-10-22T11:36:30.065Z", "is_deleted": false, "deleted_at": null, "email": "i@i.com", "is_active": true, "groups": [], "user_permissions": []}}, {"model": "users.user", "pk": 10, "fields": {"password": "pbkdf2_sha256$870000$8cBMQW9eyriSJEMi850szL$Wgd+d6ihNObZtuP7CcioHuJLFMXG5LqICHxlhShjigs=", "last_login": null, "is_superuser": false, "first_name": "", "last_name": "", "is_staff": false, "date_joined": "2024-10-22T11:36:30.320Z", "is_deleted": false, "deleted_at": null, "email": "j@j.com", "is_active": true, "groups": [], "user_permissions": []}}, {"model": "users.profile", "pk": 1, "fields": {"is_deleted": false, "deleted_at": null, "create_at": "2024-10-22T11:36:28.227Z", "update_at": "2024-10-22T11:36:28.227Z", "user": 1, "biography": null, "gender": null, "birth_date": null, "phone_number": null, "image": "", "profile_view": 1}}, {"model": "users.profile", "pk": 2, "fields": {"is_deleted": false, "deleted_at": null, "create_at": "2024-10-22T11:36:28.491Z", "update_at": "2024-10-22T11:36:28.491Z", "user": 2, "biography": null, "gender": null, "birth_date": null, "phone_number": null, "image": "", "profile_view": 1}}, {"model": "users.profile", "pk": 3, "fields": {"is_deleted": false, "deleted_at": null, "create_at": "2024-10-22T11:36:28.755Z", "update_at": "2024-10-22T11:36:28.755Z", "user": 3, "biography": null, "gender": null, "birth_date": null, "phone_number": null, "image": "", "profile_view": 1}}, {"model": "users.profile", "pk": 4, "fields": {"is_deleted": false, "deleted_at": null, "create_at": "2024-10-22T11:36:29.008Z", "update_at": "2024-10-22T11:36:29.008Z", "user": 4, "biography": null, "gender": null, "birth_date": null, "phone_number": null, "image": "", "profile_view": 1}}, {"model": "users.profile", "pk": 5, "fields": {"is_deleted": false, "deleted_at": null, "create_at": "2024-10-22T11:36:29.267Z", "update_at": "2024-10-22T11:36:29.267Z", "user": 5, "biography": null, "gender": null, "birth_date": null, "phone_number": null, "image": "", "profile_view": 1}}, {"model": "users.profile", "pk": 6, "fields": {"is_deleted": false, "deleted_at": null, "create_at": "2024-10-22T11:36:29.520Z", "update_at": "2024-10-22T11:36:29.520Z", "user": 6, "biography": null, "gender": null, "birth_date": null, "phone_number": null, "image": "", "profile_view": 1}}, {"model": "users.profile", "pk": 7, "fields": {"is_deleted": false, "deleted_at": null, "create_at": "2024-10-22T11:36:29.787Z", "update_at": "2024-10-22T11:36:29.787Z", "user": 7, "biography": null, "gender": null, "birth_date": null, "phone_number": null, "image": "", "profile_view": 1}}, {"model": "users.profile", "pk": 8, "fields": {"is_deleted": false, "deleted_at": null, "create_at": "2024-10-22T11:36:30.062Z", "update_at": "2024-10-22T11:36:30.062Z", "user": 8, "biography": null, "gender": null, "birth_date": null, "phone_number": null, "image": "", "profile_view": 1}}, {"model": "users.profile", "pk": 9, "fields": {"is_deleted": false, "deleted_at": null, "create_at": "2024-10-22T11:36:30.316Z", "update_at": "2024-10-22T11:36:30.316Z", "user": 9, "biography": null, "gender": null, "birth_date": null, "phone_number": null, "image": "", "profile_view": 1}}, {"model": "users.profile", "pk": 10, "fields": {"is_deleted": false, "deleted_at": null, "create_at": "2024-10-22T11:36:30.568Z", "update_at": "2024-10-22T11:36:30.569Z", "user": 10, "biography": null, "gender": null, "birth_date": null, "phone_number": null, "image": "", "profile_view": 1}}, {"model": "users.follow", "pk": 1, "fields": {"follower": 3, "following": 1}}, {"model": "users.follow", "pk": 2, "fields": {"follower": 2, "following": 1}}, {"model": "users.follow", "pk": 3, "fields": {"follower": 4, "following": 1}}, {"model": "users.follow", "pk": 4, "fields": {"follower": 5, "following": 1}}, {"model": "users.follow", "pk": 5, "fields": {"follower": 6, "following": 1}}, {"model": "users.follow", "pk": 6, "fields": {"follower": 7, "following": 1}}, {"model": "users.follow", "pk": 7, "fields": {"follower": 8, "following": 1}}, {"model": "users.follow", "pk": 8, "fields": {"follower": 9, "following": 1}}, {"model": "users.follow", "pk": 9, "fields": {"follower": 1, "following": 2}}, {"model": "users.follow", "pk": 10, "fields": {"follower": 2, "following": 3}}, {"model": "users.follow", "pk": 11, "fields": {"follower": 2, "following": 4}}, {"model": "users.follow", "pk": 12, "fields": {"follower": 4, "following": 2}}, {"model": "users.follow", "pk": 13, "fields": {"follower": 4, "following": 8}}, {"model": "users.follow", "pk": 14, "fields": {"follower": 5, "following": 3}}, {"model": "users.follow", "pk": 15, "fields": {"follower": 3, "following": 5}}, {"model": "users.follow", "pk": 16, "fields": {"follower": 7, "following": 2}}, {"model": "users.follow", "pk": 17, "fields": {"follower": 8, "following": 2}}, {"model": "blog.tag", "pk": 1, "fields": {"is_deleted": false, "deleted_at": null, "create_at": "2024-10-22T11:36:30.630Z", "update_at": "2024-10-22T11:36:30.630Z", "tag_name": "happy"}}, {"model": "blog.tag", "pk": 2, "fields": {"is_deleted": false, "deleted_at": null, "create_at": "2024-10-22T11:36:30.634Z", "update_at": "2024-10-22T11:36:30.634Z", "tag_name": "sad"}}, {"model": "blog.tag", "pk": 3, "fields": {"is_deleted": false, "deleted_at": null, "create_at": "2024-10-22T11:36:30.638Z", "update_at": "2024-10-22T11:36:30.638Z", "tag_name": "nice"}}, {"model": "blog.tag", "pk": 4, "fields": {"is_deleted": false, "deleted_at": null, "create_at": "2024-10-22T11:36:30.641Z", "update_at": "2024-10-22T11:36:30.641Z", "tag_name": "love"}}, {"model": "blog.tag", "pk": 5, "fields": {"is_deleted": false, "deleted_at": null, "create_at": "2024-10-22T11:36:30.644Z", "update_at": "2024-10-22T11:36:30.644Z", "tag_name": "rain"}}, {"model": "blog.tag", "pk": 6, "fields": {"is_deleted": false, "deleted_at": null, "create_at": "2024-10-22T11:36:30.648Z", "update_at": "2024-10-22T11:36:30.648Z", "tag_name": "snow"}}, {"model": "blog.tag", "pk": 7, "fields": {"is_deleted": false, "deleted_at": null, "create_at": "2024-10-22T11:36:30.651Z", "update_at": "2024-10-22T11:36:30.651Z", "tag_name": "cat"}}, {"model": "blog.tag", "pk": 8, "fields": {"is_deleted": false, "deleted_at": null, "create_at": "2024-10-22T11:36:30.654Z", "update_at": "2024-10-22T11:36:30.654Z", "tag_name": "gym"}}, {"model": "blog.tag", "pk": 9, "fields": {"is_deleted": false, "deleted_at": null, "create_at": "2024-10-22T11:36:30.658Z", "update_at": "2024-10-22T11:36:30.658Z", "tag_name": "peach"}}, {"model": "blog.tag", "pk": 10, "fields": {"is_deleted": false, "deleted_at": null, "create_at": "2024-10-22T11:36:30.661Z", "update_at": "2024-10-22T11:36:30.661Z", "tag_name": "drive"}}, {"model": "blog.post", "pk": 1, "fields": {"is_deleted": false, "deleted_at": null, "create_at": "2024-10-22T11:36:30.665Z", "update_at": "2024-10-22T11:36:30.665Z", "author": 1, "title": "this is title 1", "slug": "this-is-title-1-1729596990", "content": "something long 1 ...", "post_view": 1, "allow_comments": true, "tags": [1, 2, 3, 4, 5], "likes": [2, 3, 4, 5, 6, 7, 8, 9, 10]}}, {"model": "blog.post", "pk": 2, "fields": {"is_deleted": false, "deleted_at": null, "create_at": "2024-10-22T11:36:30.683Z", "update_at": "2024-10-22T11:36:30.683Z", "author": 1, "title": "this is title 2", "slug": "this-is-title-2-1729596990", "content": "something long 2 ...", "post_view": 1, "allow_comments": true, "tags": [6, 7, 8, 9], "likes": [2, 3, 4, 5, 6]}}, {"model": "blog.post", "pk": 3, "fields": {"is_deleted": false, "deleted_at": null, "create_at": "2024-10-22T11:36:30.710Z", "update_at": "2024-10-22T11:36:30.710Z", "author": 2, "title": "this is title 3", "slug": "this-is-title-3-1729596990", "content": "something long 3 ...", "post_view": 1, "allow_comments": true, "tags": [1, 3, 7, 8], "likes": [5, 6, 7, 8, 9, 10]}}, {"model": "blog.post", "pk": 4, "fields": {"is_deleted": false, "deleted_at": null, "create_at": "2024-10-22T11:36:30.735Z", "update_at": "2024-10-22T11:36:30.735Z", "author": 3, "title": "this is title 4", "slug": "this-is-title-4-1729596990", "content": "something long 4 ...", "post_view": 1, "allow_comments": true, "tags": [1, 5, 7, 8, 9, 10], "likes": [4, 6, 8, 9]}}, {"model": "blog.post", "pk": 5, "fields": {"is_deleted": false, "deleted_at": null, "create_at": "2024-10-22T11:36:30.752Z", "update_at": "2024-10-22T11:36:30.752Z", "author": 8, "title": "this is title 5", "slug": "this-is-title-5-1729596990", "content": "something long 5 ...", "post_view": 1, "allow_comments": true, "tags": [2, 3, 4, 8], "likes": [1, 2, 3, 6, 7, 9]}}, {"model": "comments.comment", "pk": 1, "fields": {"is_deleted": false, "deleted_at": null, "create_at": "2024-10-22T11:36:30.677Z", "update_at": "2024-10-22T11:36:30.677Z", "user": 2, "text": "nice post :D from user 2", "answer": null, "approve": true, "content_type": 9, "object_id": 1}}, {"model": "comments.comment", "pk": 2, "fields": {"is_deleted": false, "deleted_at": null, "create_at": "2024-10-22T11:36:30.680Z", "update_at": "2024-10-22T11:36:30.680Z", "user": 3, "text": "nice post :D from user 3", "answer": null, "approve": true, "content_type": 9, "object_id": 1}}, {"model": "comments.comment", "pk": 3, "fields": {"is_deleted": false, "deleted_at": null, "create_at": "2024-10-22T11:36:30.694Z", "update_at": "2024-10-22T11:36:30.694Z", "user": 2, "text": "nice post :D from user 2", "answer": null, "approve": true, "content_type": 9, "object_id": 2}}, {"model": "comments.comment", "pk": 4, "fields": {"is_deleted": false, "deleted_at": null, "create_at": "2024-10-22T11:36:30.697Z", "update_at": "2024-10-22T11:36:30.697Z", "user": 4, "text": "nice post :D from user 4", "answer": null, "approve": true, "content_type": 9, "object_id": 2}}, {"model": "comments.comment", "pk": 5, "fields": {"is_deleted": false, "deleted_at": null, "create_at": "2024-10-22T11:36:30.706Z", "update_at": "2024-10-22T11:36:30.706Z", "user": 5, "text": "nice post :D from user 5", "answer": null, "approve": true, "content_type": 9, "object_id": 2}}, {"model": "comments.comment", "pk": 6, "fields": {"is_deleted": false, "deleted_at": null, "create_at": "2024-10-22T11:36:30.720Z", "update_at": "2024-10-22T11:36:30.720Z", "user": 1, "text": "nice post :D from user 1", "answer": null, "approve": true, "content_type": 9, "object_id": 3}}, {"model": "comments.comment", "pk": 7, "fields": {"is_deleted": false, "deleted_at": null, "create_at": "2024-10-22T11:36:30.724Z", "update_at": "2024-10-22T11:36:30.724Z", "user": 6, "text": "nice post :D from user 6", "answer": null, "approve": true, "content_type": 9, "object_id": 3}}, {"model": "comments.comment", "pk": 8, "fields": {"is_deleted": false, "deleted_at": null, "create_at": "2024-10-22T11:36:30.727Z", "update_at": "2024-10-22T11:36:30.727Z", "user": 7, "text": "nice post :D from user 7", "answer": null, "approve": true, "content_type": 9, "object_id": 3}}, {"model": "comments.comment", "pk": 9, "fields": {"is_deleted": false, "deleted_at": null, "create_at": "2024-10-22T11:36:30.731Z", "update_at": "2024-10-22T11:36:30.732Z", "user": 8, "text": "nice post :D from user 8", "answer": null, "approve": true, "content_type": 9, "object_id": 3}}, {"model": "comments.comment", "pk": 10, "fields": {"is_deleted": false, "deleted_at": null, "create_at": "2024-10-22T11:36:30.747Z", "update_at": "2024-10-22T11:36:30.747Z", "user": 7, "text": "nice post :D from user 7", "answer": null, "approve": true, "content_type": 9, "object_id": 4}}, {"model": "comments.comment", "pk": 11, "fields": {"is_deleted": false, "deleted_at": null, "create_at": "2024-10-22T11:36:30.762Z", "update_at": "2024-10-22T11:36:30.763Z", "user": 10, "text": "nice post :D from user 10", "answer": null, "approve": true, "content_type": 9, "object_id": 5}}, {"model": "comments.comment", "pk": 12, "fields": {"is_deleted": false, "deleted_at": null, "create_at": "2024-10-22T11:36:30.766Z", "update_at": "2024-10-22T11:36:30.766Z", "user": 9, "text": "nice post :D from user 9", "answer": null, "approve": true, "content_type": 9, "object_id": 5}}]